id:1, name:jobayer, email:jobayer@gmail.com,password:123456, status:1, created_at:2024-09-14
id:2, name:kowshik mia, email:kowshik@gmail.com, password:12345, status:1, created_at:2024-09-14
id:3, name:imran, email:imran@gmail.com, password:123456789, status:1, created_at:2024-09-14
id:4, name:masum, email:masum@gmail.com, password:12345, status:1, created_at:2024-09-14
id:5, name:nahi, email:nahid@gmail.com, password:123, status:1, created_at:2024-09-14
id:6, name:nahid, email:nahid1@gmail.com, password:123456789, status:1, created_at:2024-09-14
id:7, name:shoma, email:shoma@gmail.com, password:123456789, status:1, created_at:2024-09-17
id:8, name:j@gmail.com, email:j@gmail.com, password:1234567, status:1, created_at:2024-10-23
id:9, name:k, email:k@gmail.com, password:1234567, status:1, created_at:2024-10-23
id:10, name:jk, email:jk@gmail.com, password:1234567, status:1, created_at:2024-10-23
